{"0": [0.5, 0.5], "1": [0.4864442019691668, 0.6301473404114728], "2": [0.6809967701112433, 0.5583557360970469], "3": [0.5738724774915492, 0.6785713567893591], "4": [0.4178660447962945, 0.49183095909626395], "5": [0.36223986994484925, 0.47337040276011155], "6": [0.44481115514620384, 0.3692560392397978], "7": [0.4461643839498476, 0.398776905129706], "8": [0.6318794317305464, 0.5161242981674495], "9": [0.7360834330107994, 0.6596207917216363], "10": [0.7034839134412817, 0.6606084576410584], "11": [0.5531227700773604, 0.32788470660885605], "12": [0.3631930745481745, 0.6257130749033707], "13": [0.6309080001300065, 0.6278151474899732], "14": [0.40420330216444333, 0.3060978540144266], "15": [0.8783437492009086, 0.4628987935430291], "16": [0.6114741872824333, 0.7783252161231047], "17": [0.47113397256850664, 0.2250334912265638], "18": [0.7661315386941904, 0.6302697250151431], "19": [0.7423880679625546, 0.4811195407808191], "20": [0.44598705436487596, 0.34401555309356413], "21": [0.6208174360700806, 0.6588514457337878], "22": [0.4381463184268606, 0.4388988538833267], "23": [0.6429687656941175, 0.48970891020172747], "24": [0.5068131679847862, 0.3397729637347646], "25": [0.2816908305030399, 0.40421668761599394], "26": [0.44037239357324076, 0.47544167055726894], "27": [0.6505319515371684, 0.05215709499610699], "28": [0.3547180674062036, 0.5820752265448588], "29": [0.6191255091806113, 0.7144289840866818], "30": [0.4667483084828482, 0.3452219309828851], "31": [0.3141813192404608, 0.6737141068483354], "32": [0.6994134457256543, 0.8523605517391581], "33": [0.29001885199683053, 0.3290444443971976], "34": [0.6612116407980199, 0.5267145722212628], "35": [0.7046333464365101, 0.5709425809029731], "36": [0.8217870659449225, 0.4971112972292877], "37": [0.15385411440378383, 0.4288644223010132], "38": [0.7124728248374597, 0.025450282017265624], "39": [0.6321635031680476, 0.8349313840572473], "40": [0.48829173390279623, 0.3356533167769066], "41": [0.856405624309469, 0.7346125808194925], "42": [0.8238698622409708, 0.8232699870006049], "43": [0.21616645690277736, 0.4447483768095173], "44": [0.7391753625780769, 0.2946944622246128], "45": [0.33477316241134947, 0.4436746762535436], "46": [0.8646407889289495, 0.49639105987078336], "47": [0.42310791108430446, 0.6605883894453041], "48": [0.5477570681771882, 0.4074486970077539], "49": [0.5866214834397117, 0.24422813777146934], "50": [0.6640086927898161, 0.6204948253180855], "51": [0.2988758076783692, 0.5346725918470335], "52": [0.3321920515985871, 0.1397414990189939], "53": [0.781586524033637, 0.784442702285501], "54": [0.7325406963969726, 0.31536589738682363], "55": [0.8385023448923054, 0.7515342378033661], "56": [0.43878404723939013, 0.06735958902611827], "57": [0.7167940238561018, 0.14905671822157507], "58": [0.5524577018536294, 0.2440749116640204], "59": [0.49534783636160495, 0.329334258505244], "60": [0.7714720554777699, 0.5484821288412371], "61": [0.47401033436668527, 0.6645673851642188], "62": [0.7854007216636957, 0.09416855123250667], "63": [0.5849867541065362, 0.44521839143681785], "64": [0.5392370499263942, 0.5249633260730616], "65": [0.19065686767665002, 0.7269027129460994], "66": [0.678647767778238, 0.3837383313476863], "67": [0.428488636422068, 0.7668687057620319], "68": [0.22203870221657684, 0.08338885955179831], "69": [0.6641077655231526, 0.4045661560648395], "70": [0.4795562121118968, 0.07074133746605904], "71": [0.5535543227342599, 0.5479723770522908], "72": [0.47802356662108214, 0.8198205496846737], "73": [0.719416713540089, 0.8035383903457303], "74": [0.38754330361424894, 0.5780926368204995], "75": [0.5430708776514231, 0.13653791258645842], "76": [0.9372771068447769, 0.4157568576835071], "77": [0.5400614685614018, 0.846721214605485], "78": [0.8614508036402754, 0.45211059836182776], "79": [0.31781001525659724, 0.3999837775779642], "80": [0.4123078492847184, 0.11842346848534047], "81": [0.5857597618303944, 0.1879353070093619], "82": [0.8232011955396422, 0.007226215433075556], "83": [0.19541235553210834, 0.4933791259488257], "84": [0.49723539660009686, 0.49388427958285075], "85": [0.17738170199361802, 0.8681843038989596], "86": [0.8704515754554758, 0.0036035500204587567], "87": [0.5841360048448727, 0.2876473713419848], "88": [0.505152901664028, 0.0870721426176101], "89": [0.1969227249557387, 0.34983473512747765], "90": [0.7269921817200231, 0.28695336318358866], "91": [0.5598645337352214, 0.8280805949932392], "92": [0.8482951931147023, 0.030126330599484663], "93": [0.6698264513662858, 0.8765944687383649], "94": [0.466249523162524, 0.296016387879118], "95": [0.7119110615405132, 0.8032143797339486], "96": [0.23025027777907925, 0.3163200432034994], "97": [0.282699089008832, 0.8434126267051544], "98": [0.3241284758285511, 0.6842461478874724], "99": [0.02727342256757692, 0.7808051224094806], "100": [0.6416472973528179, 0.06515714014201357], "101": [0.5773158748407858, 0.6852319884753852], "102": [0.32173161762323954, 0.5648801018260171], "103": [0.47812379206841016, 0.6404199170972995], "104": [0.899265848546583, 0.17074926734740836], "105": [0.43864699633056636, 0.5171264913441709], "106": [0.7769971409078518, 0.965733993423791], "107": [0.1745808358452191, 0.29592671466812914], "108": [0.7356707276178354, 0.9849229233959742], "109": [0.823051795929273, 0.10183909748494469], "110": [0.9209815023807044, 0.919419186923129], "111": [0.6730037149901037, 0.9290035872975265], "112": [0.7547373486341199, 0.6660496734851801], "113": [0.09484427436029186, 0.49220729778869043], "114": [0.8249318797803953, 0.7809930400875832], "115": [0.3906347350989642, 0.6941576700717852], "116": [0.5464804355121369, 0.47064651818142955], "117": [0.8935816813799591, 0.8867812437059819], "118": [0.915525583837032, 0.8808218747205736], "119": [0.574362503035599, 0.8273306784150188], "120": [0.2371153788841236, 0.17771449479188162], "121": [0.6527139604899368, 0.2741998076324559], "122": [0.11174283976450228, 0.3675271228172229], "123": [0.06942566430255459, 0.35595913790954414], "124": [0.812140883738399, 0.5153470192621367], "125": [0.45674604840332766, 0.2350626538738032], "126": [0.9417274052512349, 0.9612084553245791], "127": [0.13430668704865378, 0.6976537345813022], "128": [0.3623694573347148, 0.6943254266305373], "129": [0.8121651942800229, 0.520620981258313]}