{"0": [0.5, 0.5], "1": [0.6845163237919126, 0.6677465892617909], "2": [0.699516243538519, 0.5986767586157757], "3": [0.7960764671758196, 0.3797726963731155], "4": [0.7253279770381227, 0.6181854579539799], "5": [0.6419005721584512, 0.2914284805474746], "6": [0.728804985773781, 0.25151910434628855], "7": [0.46143021544497176, 0.6316389949284561], "8": [0.7474024105500842, 0.24741407551798622], "9": [0.5849720892306143, 0.23990038455295082], "10": [0.47490342614087633, 0.15136761722894954], "11": [0.8530341475202526, 0.6124850553534777], "12": [0.9413983946025485, 0.7234816849638869], "13": [0.739708615742816, 0.23833956910856346], "14": [0.6197900388637909, 0.34324798023671976], "15": [0.549486669314311, 0.19742656859491647], "16": [0.8700113542661707, 0.6941153176844915], "17": [0.670711540915077, 0.3178202116415558], "18": [0.7284813369892172, 0.6230231234858556], "19": [0.8411500569766661, 0.4805909711662545], "20": [0.8899754205332593, 0.5083691985225357], "21": [0.4762844287976524, 0.6063981108825393], "22": [0.6488855239052721, 0.21136741343315402], "23": [0.9949765861152302, 0.4823065996116954], "24": [0.3934461436024418, 0.8596324820451238], "25": [0.7640856074965349, 0.2890967524022606], "26": [0.34509638881945703, 0.8319399702570339], "27": [0.7247317582632467, 0.1875640166967224], "28": [0.6994931120054046, 0.6752703845560499], "29": [0.7591853112142565, 0.3633942530719799], "30": [0.28641606066063396, 0.6858943244600664], "31": [0.7329298146329275, 0.4598842092827313], "32": [0.5789052446447782, 0.21539565007575867], "33": [0.9058589309919567, 0.26919606479879743], "34": [0.6008775242613696, 0.5292541900809845], "35": [0.8127184607021759, 0.26220420134126465], "36": [0.8647990490991206, 0.08018519041973082], "37": [0.49113969399291946, 0.8883882505528274], "38": [0.48360447942798235, 0.5997488239699175], "39": [0.5414676871417266, 0.7076850374021035], "40": [0.7864375153744654, 0.2875614436337699], "41": [0.830748112649574, 0.7154580162462375], "42": [0.46331397637017724, 0.40710304927801233], "43": [0.38327296581240733, 0.9794617115765569], "44": [0.6346203675615352, 0.4323878375670086], "45": [0.3010853445289481, 0.429343347614083], "46": [0.5852401190098011, 0.27755001598992457], "47": [0.2720334418311887, 0.9104688384424252], "48": [0.4420806885286286, 0.581067207059708], "49": [0.5459069665305892, 0.9244462888013908], "50": [0.3540003483392806, 0.189096259243128], "51": [0.6649577883501743, 0.33241470368998915], "52": [0.14199810058081896, 0.5106511524629991], "53": [0.5257691583589381, 0.36682231854264147], "54": [0.35273900545219417, 0.3258190184520252], "55": [0.9397484995460623, 0.5084665482844994], "56": [0.5497534284582937, 0.38726781280516176], "57": [0.2876256505394693, 0.7463284684202554], "58": [0.795545057288848, 0.29751033027922213], "59": [0.8577021082791574, 0.1481756247963144], "60": [0.6342997301276141, 0.6179601327317892], "61": [0.9436296844519501, 0.2618477282808468], "62": [0.8265030889021953, 0.6064742728606066], "63": [0.5728761191941665, 0.13802252880871124], "64": [0.536714020078842, 0.4346588394689701], "65": [0.6129389333157449, 0.5366733515721546], "66": [0.8693895071697922, 0.6003707374458089], "67": [0.6338650487453769, 0.397834721781973], "68": [0.475770134573298, 0.38030407788764586], "69": [0.8180744834532995, 0.8924168329684352], "70": [0.6316351454503334, 0.20541932547969666], "71": [0.34245766142257306, 0.23311006032155468], "72": [0.24981479629160996, 0.36562573069379645], "73": [0.4264263688830099, 0.7251316985284989], "74": [0.46432310037040647, 0.40963238274426406], "75": [0.07844725192041224, 0.7955099900976859], "76": [0.41445255641196677, 0.07254049977757104], "77": [0.16050839093301217, 0.19607153400890354], "78": [0.45290277455243555, 0.4489602437011929], "79": [0.8571997102418869, 0.9830024867415103], "80": [0.6651691409538885, 0.5158919951225971], "81": [0.7524206288338785, 0.06765367694194224], "82": [0.3478283333765707, 0.25892597942597695], "83": [0.27621894650579826, 0.8749590448939153], "84": [0.258902028435388, 0.543947657032752], "85": [0.3197644425222014, 0.876159626813903], "86": [0.21284214102813614, 0.4240258124138937], "87": [0.5410892413679762, 0.32805781524238464], "88": [0.2732744670349101, 0.6754628373932432], "89": [0.261648168088478, 0.43020159797961544], "90": [0.4248844367192668, 0.27062560934757607], "91": [0.232487155954352, 0.8820137598628994], "92": [0.5450280017078772, 0.38119965807398004], "93": [0.3885063329907984, 0.6133155795510257], "94": [0.5842504690898171, 0.6561588870281231], "95": [0.17067218256228056, 0.73450569383034], "96": [0.920073023288918, 0.8076619354244442], "97": [0.4235964033712558, 0.8925607072637202], "98": [0.9904494245016096, 0.6901950001119602], "99": [0.5191711866252163, 0.3529291380730246], "100": [0.7906765801109218, 0.4545755304270417], "101": [0.12514075279723536, 0.5052376393909443], "102": [0.31733944232434075, 0.11430958814953651], "103": [0.47931537404557467, 0.8078268766154006], "104": [0.5870110922134594, 0.3761417928642934], "105": [0.46179783520513085, 0.4544743662224239], "106": [0.6037226768749928, 0.6798496823604743], "107": [0.381167448540901, 0.1184076325769029], "108": [0.7865743737820183, 0.2034730349279834], "109": [0.20550599846595274, 0.5743617547635134], "110": [0.48001517669304783, 0.3568864236110715], "111": [0.4509286744879385, 0.9128635510444726], "112": [0.5521767051843588, 0.7070291497234028], "113": [0.2768684470912218, 0.48485111980927964], "114": [0.41276354922276304, 0.9019780760150855], "115": [0.779570391053329, 0.037085530647578246], "116": [0.7167071750548264, 0.2678964100919742], "117": [0.6343927887038788, 0.3653126852979661], "118": [0.11070019437266321, 0.5212458974174909], "119": [0.9188830670572561, 0.998592206826134], "120": [0.7735529659225024, 0.5701397657768227], "121": [0.7130057857359111, 0.8088465076102404], "122": [0.63598551604343, 0.22909188723807372], "123": [0.7615438500738176, 0.25249667075610616], "124": [0.2269574671746547, 0.7053343031822493], "125": [0.311708069388119, 0.6303032944892569], "126": [0.49101586228845084, 0.3873304773703178], "127": [0.5098373010050994, 0.4662254022632073], "128": [0.3340063158567155, 0.6350989015326832], "129": [0.804095775813736, 0.9186290335195558], "130": [0.17862964756573096, 0.8391756839238452], "131": [0.7928052092399398, 0.20473006994442988], "132": [0.4680428092666089, 0.3477442414987645], "133": [0.5573745435940926, 0.8241025169308438], "134": [0.4411370126706017, 0.3545107488725894], "135": [0.5106186196335616, 0.5866055789915793], "136": [0.9011305339436504, 0.16260763638507214], "137": [0.8142132432479201, 0.3862316906903286], "138": [0.7584378523904709, 0.5980904728324713], "139": [0.46910532411407513, 0.9110488542746024], "140": [0.40414183094273637, 0.500486978913803], "141": [0.8534802519147622, 0.4958465885271647], "142": [0.34782094684102305, 0.19687671163716547], "143": [0.5695376439383293, 0.48248454562796284], "144": [0.24393753108823557, 0.5082763957511908], "145": [0.5867987136511263, 0.08048261273725821], "146": [0.48113977822013965, 0.9006165470430216], "147": [0.8772918710921302, 0.24959431304803348], "148": [0.9796926723091062, 0.17576854507419437], "149": [0.8997470660928776, 0.0824576549478876]}