{"0": [0.25, 0.25], "1": [0.24887388722627346, 0.2036688447876942], "2": [0.27129532222406705, 0.11948040575066038], "3": [0.35086782553339946, 0.09251016902500947], "4": [0.07697468376939659, 0.11555492191854727], "5": [0.18855525308089766, 0.4586134558964222], "6": [0.2162207761822179, 0.4840900138577912], "7": [0.3902023634089306, 0.44083207908345773], "8": [0.3187726351316631, 0.07283985905593687], "9": [0.06909168244557595, 0.034731740434449765], "10": [0.37452743039587577, 0.25187563776113114], "11": [0.2631506409477581, 0.18126981825679356], "12": [0.09608458020295335, 0.1376736394106831], "13": [0.10696801056808897, 0.3555073101864301], "14": [0.1393095679196884, 0.24722801065023325], "15": [0.13514795445972083, 0.07566740173491254], "16": [0.3171692804760274, 0.28556866852400103], "17": [0.06158064154421, 0.14804235813436634], "18": [0.4098956026097092, 0.018007443631714692], "19": [0.09072053523545903, 0.21840036343972274], "20": [0.3083162325014417, 0.14014569022598833], "21": [0.3358911964855738, 0.09826610706089989], "22": [0.22137988875272163, 0.35602387437985344], "23": [0.009907252726508498, 0.4493846827992424], "24": [0.12431364489658808, 0.1124992917976198], "25": [0.08200187918529617, 0.2886656765841236], "26": [0.39017603202033485, 0.22127134771295093], "27": [0.2119629454734543, 0.30578383346436805], "28": [0.29866952262357027, 0.4449261917724623], "29": [0.4675244220954929, 0.09135273171971714]}