{"0": [0.5, 0.5], "1": [0.6385993584662685, 0.41297221778668336], "2": [0.8326869885109472, 0.2603459830177157], "3": [0.6059468501506677, 0.5833790468248016], "4": [0.4574474449577026, 0.39339250748410703], "5": [0.6200900888268703, 0.21561653927976732], "6": [0.4770070666258459, 0.4382455024173745], "7": [0.43484553740565646, 0.49162447055037495], "8": [0.7392495887682607, 0.30976783785953854], "9": [0.8133135996775028, 0.32020969015349476], "10": [0.6243677210578352, 0.2319855389181722], "11": [0.39525021156854734, 0.5661645289096059], "12": [0.6282823470075014, 0.47461582685920056], "13": [0.7871111779010019, 0.004921644586842744], "14": [0.4611367439875438, 0.477299587624214], "15": [0.5998157795925363, 0.09128649470163819], "16": [0.5045699934327276, 0.3953618675582877], "17": [0.6009947365560807, 0.07163223001840502], "18": [0.4936933789961564, 0.22341007315154493], "19": [0.8483912956953159, 0.47942906199876534], "20": [0.37216063414951006, 0.5646459194478571], "21": [0.5508673352637913, 0.3619420303465676], "22": [0.35465715256526686, 0.6856182370438647], "23": [0.5978268185475513, 0.46782243988474526], "24": [0.7612920095001217, 0.06414173138519852], "25": [0.8269124410522007, 0.06718389079083142], "26": [0.5188148531970134, 0.7961071652475017], "27": [0.279163580779379, 0.4348179455589609], "28": [0.763568571588495, 0.33152525074123107], "29": [0.5975540886727696, 0.5774814471958589], "30": [0.6190087806979306, 0.4054985769848073], "31": [0.2179296385129441, 0.6083976215066184], "32": [0.8062659039176663, 0.4781505273051351], "33": [0.07121586651457079, 0.5023787947482159], "34": [0.6962664449340058, 0.3972284126287783], "35": [0.9177216877688055, 0.5302977098258042], "36": [0.5628935022262443, 0.37617020550155733], "37": [0.5784645634393012, 0.35805615053807827], "38": [0.7211356797222768, 0.3469928425398938], "39": [0.49595567297475107, 0.431010012375307], "40": [0.6304696677525757, 0.3279878386231282], "41": [0.37266005151938586, 0.1568505182080956], "42": [0.7638946812316642, 0.5425776535775849], "43": [0.3865661670132359, 0.11347331597628108], "44": [0.6406804439933899, 0.5590694779286517], "45": [0.1747839125589269, 0.6002748217801518], "46": [0.49865695732119386, 0.4708415000264502], "47": [0.386528516046877, 0.06039183542243831], "48": [0.9184064901095907, 0.47652435248517977], "49": [0.2516684041535492, 0.2394564334496223], "50": [0.8762592323999729, 0.6673052273458926], "51": [0.3344083653014652, 0.06348273785366287], "52": [0.45082639664994695, 0.3051972022485828], "53": [0.6402359862364624, 0.6748674012622866], "54": [0.867734612018438, 0.7549225617318367], "55": [0.6661244342821074, 0.16734648136741836], "56": [0.8764108804266503, 0.3131180513127032], "57": [0.34696008847312476, 0.20761109691278867], "58": [0.5817620442177488, 0.517520096504684], "59": [0.5971508941463111, 0.4565878092285698], "60": [0.41089325522980324, 0.3117297992006701], "61": [0.32325997414188, 0.14491108735875813], "62": [0.5622243147859541, 0.43996754893461276], "63": [0.7431113444926196, 0.8006465930646083], "64": [0.06798603975147743, 0.5147653020529055], "65": [0.582719058357368, 0.20315400030980357], "66": [0.7077648689031175, 0.6912560176192949], "67": [0.6906068715490211, 0.6783167925100423], "68": [0.6931386243102509, 0.5860716935940766], "69": [0.33634206738220085, 0.005503127534619345], "70": [0.6905451284932886, 0.4894235369208012], "71": [0.0996835207865504, 0.31112622223244457], "72": [0.3291940574220228, 0.8751161215874689], "73": [0.34064281792840656, 0.5831143129856295], "74": [0.39142015662924845, 0.5543133990940292], "75": [0.7648257997353636, 0.8598937732266977], "76": [0.44230511986657695, 0.31422332237877726], "77": [0.3894564836944121, 0.13305731398429588], "78": [0.8540572954602761, 0.18084228577339878], "79": [0.8231792499229754, 0.31508749409893155], "80": [0.1916983736458906, 0.013568417163627222], "81": [0.9449101638969003, 0.48572901663675094], "82": [0.2621910493861733, 0.6461596872983457], "83": [0.7657410928931305, 0.888856768848552], "84": [0.306949456997184, 0.19715463874803152], "85": [0.5292261084936929, 0.8699851006143458], "86": [0.3062272286968585, 0.9785643408653879], "87": [0.830214626934932, 0.3653417778256187], "88": [0.6143578656035331, 0.6032460476815023], "89": [0.6236779688722658, 0.10466318562202459], "90": [0.9135442843025484, 0.40466813943918467], "91": [0.7481817479270855, 0.45376791969164654], "92": [0.34151959057010517, 0.44451570268420193], "93": [0.036405707211753624, 0.5045629812758277], "94": [0.4299931402974779, 0.6354041127679332], "95": [0.38896483553725214, 0.5868939767816906], "96": [0.13340801016005288, 0.776290493090259], "97": [0.6362377120176713, 0.7769632218747279], "98": [0.6994625508860158, 0.7103339480211347], "99": [0.8672861193231719, 0.4002944726380382], "100": [0.19126649448251576, 0.16527872495264917], "101": [0.9688121281832144, 0.6230594689157718], "102": [0.2856797094888852, 0.5183353297209843], "103": [0.35736071588168106, 0.6134004994843721], "104": [0.219968891654595, 0.5633689757063736], "105": [0.7756078262849525, 0.17304420568257883], "106": [0.7517576474404388, 0.06289564955259819], "107": [0.7504986892442709, 0.020676144460028856], "108": [0.4785941438481407, 0.08920166513577954], "109": [0.25083181243695807, 0.9945380068423981], "110": [0.33479476583295087, 0.6863048407968403], "111": [0.56265750546061, 0.5694113710324324], "112": [0.014318641067190163, 0.6678870900385695], "113": [0.7226062797005338, 0.44910521319239904], "114": [0.253808081219131, 0.5972756714663671], "115": [0.7752245975689571, 0.6667739648465045], "116": [0.2608428510435119, 0.9230904158970155], "117": [0.555004108740762, 0.34305946069917137], "118": [0.6650429861524711, 0.6203991325168975], "119": [0.9195026027300307, 0.4501833287623874], "120": [0.7691258326227822, 0.9151307753865877], "121": [0.879010087047597, 0.8593363010243577], "122": [0.6861229371132539, 0.6378181320265695], "123": [0.36137167122346603, 0.030563880056238113], "124": [0.6830474965753944, 0.9464702500644151], "125": [0.8544415759718992, 0.2800264427057175], "126": [0.4570358688099313, 0.5037663589865651], "127": [0.613590236852102, 0.25785131475338485], "128": [0.17420424331389683, 0.18174409630547828], "129": [0.7126950061245628, 0.5714556864873005], "130": [0.07935518403832631, 0.45765830243369254], "131": [0.7706751156576483, 0.9196833899188862], "132": [0.1854765875648855, 0.26470488028966144], "133": [0.8363291102662876, 0.7617403894974184], "134": [0.5404893789585764, 0.8430791482884096], "135": [0.3687220344530676, 0.29500360201048625], "136": [0.570985814993911, 0.9494269217270845], "137": [0.6697497351041029, 0.4756992891118459], "138": [0.3522224249402215, 0.38040865932940005], "139": [0.24651217062303454, 0.3617781380554953], "140": [0.8016468650151239, 0.8819314117803803], "141": [0.3642428347471097, 0.7097950488125538], "142": [0.28233629984674247, 0.40268711314655037], "143": [0.5386475647121104, 0.7485209365376229], "144": [0.5027608735529459, 0.5101883589284375], "145": [0.33391551306009715, 0.8258846707334039], "146": [0.6125532174845076, 0.31041983383519645], "147": [0.22994315976681423, 0.4159733688632573], "148": [0.3353860283612008, 0.048271382611193236], "149": [0.05784761895998247, 0.4091757991388618]}